Variable,BestLagH,BestM,PACF_RAW,PACF_Projection,PACF_PhaseOnly
PV,12,1600,6.22084954248535,4.29218991390883,5.13924427164547
WT,48,100,1.75243301917146,1.62353022791847,1.48761879117583
PT,12,1300,6.9940524854228,6.16927431272992,3.38234319073258
WS,48,800,2.79275201542729,2.6633780294135,2.24366309147589
GHI_15min,48,100,5.33029134411431,3.26527725354487,5.81818412557955
T2M,48,1000,5.81764447330546,5.28648437997496,3.2671655696099
GHI,12,1000,4.93330640008299,3.23563731669101,3.8512110592135
